<?xml version="1.0" encoding="utf-8"?>
<!-- Generated by PRONEXUS WORKS -->
<link:linkbase xmlns:link="http://www.xbrl.org/2003/linkbase" xmlns:xsi="http://www.w3.org/2001/XMLSchema-instance" xmlns:xbrli="http://www.xbrl.org/2003/instance" xmlns:xlink="http://www.w3.org/1999/xlink">
  <link:labelLink xlink:type="extended" xlink:role="http://www.xbrl.org/2003/role/link">
    <link:loc xlink:type="locator" xlink:href="jpcrp030000-asr-001_E04199-000_2024-03-31_01_2024-07-01.xsd#jpcrp030000-asr_E04199-000_ProvisionOfReservesIncludedInCostAndSellingGeneralAndAdministrativeExpensesTextBlock" xlink:label="ProvisionOfReservesIncludedInCostAndSellingGeneralAndAdministrativeExpensesTextBlock" />
    <link:loc xlink:type="locator" xlink:href="jpcrp030000-asr-001_E04199-000_2024-03-31_01_2024-07-01.xsd#jpcrp030000-asr_E04199-000_GovernanceHumanCapitalTextBlock" xlink:label="GovernanceHumanCapitalTextBlock" />
    <link:loc xlink:type="locator" xlink:href="jpcrp030000-asr-001_E04199-000_2024-03-31_01_2024-07-01.xsd#jpcrp030000-asr_E04199-000_StrategyHumanCapitalTextBlock" xlink:label="StrategyHumanCapitalTextBlock" />
    <link:loc xlink:type="locator" xlink:href="jpcrp030000-asr-001_E04199-000_2024-03-31_01_2024-07-01.xsd#jpcrp030000-asr_E04199-000_RiskManagementHumanCapitalTextBlock" xlink:label="RiskManagementHumanCapitalTextBlock" />
    <link:loc xlink:type="locator" xlink:href="jpcrp030000-asr-001_E04199-000_2024-03-31_01_2024-07-01.xsd#jpcrp030000-asr_E04199-000_ReferenceToOtherInformationRiskManagementHumanCapital" xlink:label="ReferenceToOtherInformationRiskManagementHumanCapital" />
    <link:loc xlink:type="locator" xlink:href="jpcrp030000-asr-001_E04199-000_2024-03-31_01_2024-07-01.xsd#jpcrp030000-asr_E04199-000_MetricsAndTargetsHumanCapitalTextBlock" xlink:label="MetricsAndTargetsHumanCapitalTextBlock" />
    <link:loc xlink:type="locator" xlink:href="jpcrp030000-asr-001_E04199-000_2024-03-31_01_2024-07-01.xsd#jpcrp030000-asr_E04199-000_ReferenceToOtherInformationMetricsAndTargetsHumanCapital" xlink:label="ReferenceToOtherInformationMetricsAndTargetsHumanCapital" />
    <link:loc xlink:type="locator" xlink:href="jpcrp030000-asr-001_E04199-000_2024-03-31_01_2024-07-01.xsd#jpcrp030000-asr_E04199-000_LogisticsRelatedBusinessReportableSegmentsMember" xlink:label="LogisticsRelatedBusinessReportableSegmentsMember" />
    <link:loc xlink:type="locator" xlink:href="jpcrp030000-asr-001_E04199-000_2024-03-31_01_2024-07-01.xsd#jpcrp030000-asr_E04199-000_RealEstateBusinessReportableSegmentsMember" xlink:label="RealEstateBusinessReportableSegmentsMember" />
    <link:loc xlink:type="locator" xlink:href="jpcrp030000-asr-001_E04199-000_2024-03-31_01_2024-07-01.xsd#jpcrp030000-asr_E04199-000_YamaguchiYoshihikoMember" xlink:label="YamaguchiYoshihikoMember" />
    <link:loc xlink:type="locator" xlink:href="jpcrp030000-asr-001_E04199-000_2024-03-31_01_2024-07-01.xsd#jpcrp030000-asr_E04199-000_HorieShigeyukiMember" xlink:label="HorieShigeyukiMember" />
    <link:loc xlink:type="locator" xlink:href="jpcrp030000-asr-001_E04199-000_2024-03-31_01_2024-07-01.xsd#jpcrp030000-asr_E04199-000_ShirakiTakeshiMember" xlink:label="ShirakiTakeshiMember" />
    <link:loc xlink:type="locator" xlink:href="jpcrp030000-asr-001_E04199-000_2024-03-31_01_2024-07-01.xsd#jpcrp030000-asr_E04199-000_AokiKoichiMember" xlink:label="AokiKoichiMember" />
    <link:loc xlink:type="locator" xlink:href="jpcrp030000-asr-001_E04199-000_2024-03-31_01_2024-07-01.xsd#jpcrp030000-asr_E04199-000_KasaiDaisukeMember" xlink:label="KasaiDaisukeMember" />
    <link:loc xlink:type="locator" xlink:href="jpcrp030000-asr-001_E04199-000_2024-03-31_01_2024-07-01.xsd#jpcrp030000-asr_E04199-000_MuraseMitsuakiMember" xlink:label="MuraseMitsuakiMember" />
    <link:loc xlink:type="locator" xlink:href="jpcrp030000-asr-001_E04199-000_2024-03-31_01_2024-07-01.xsd#jpcrp030000-asr_E04199-000_NakamuraGenjiroMember" xlink:label="NakamuraGenjiroMember" />
    <link:loc xlink:type="locator" xlink:href="jpcrp030000-asr-001_E04199-000_2024-03-31_01_2024-07-01.xsd#jpcrp030000-asr_E04199-000_OkamotoMinoruMember" xlink:label="OkamotoMinoruMember" />
    <link:loc xlink:type="locator" xlink:href="jpcrp030000-asr-001_E04199-000_2024-03-31_01_2024-07-01.xsd#jpcrp030000-asr_E04199-000_HayashiKazunariMember" xlink:label="HayashiKazunariMember" />
    <link:label xlink:type="resource" xlink:label="label_GovernanceHumanCapitalTextBlock_2" xml:lang="en" xlink:role="http://www.xbrl.org/2003/role/label" id="label_GovernanceHumanCapitalTextBlock_2">Governance, Human capital</link:label>
    <link:labelArc xlink:type="arc" xlink:arcrole="http://www.xbrl.org/2003/arcrole/concept-label" xlink:from="GovernanceHumanCapitalTextBlock" xlink:to="label_GovernanceHumanCapitalTextBlock_2" />
    <link:label xlink:type="resource" xlink:label="label_GovernanceHumanCapitalTextBlock" xml:lang="en" xlink:role="http://www.xbrl.org/2003/role/verboseLabel" id="label_GovernanceHumanCapitalTextBlock">Governance, Human capital [text block]</link:label>
    <link:labelArc xlink:type="arc" xlink:arcrole="http://www.xbrl.org/2003/arcrole/concept-label" xlink:from="GovernanceHumanCapitalTextBlock" xlink:to="label_GovernanceHumanCapitalTextBlock" />
    <link:label xlink:type="resource" xlink:label="label_StrategyHumanCapitalTextBlock_2" xml:lang="en" xlink:role="http://www.xbrl.org/2003/role/label" id="label_StrategyHumanCapitalTextBlock_2">Strategy, Human capital</link:label>
    <link:labelArc xlink:type="arc" xlink:arcrole="http://www.xbrl.org/2003/arcrole/concept-label" xlink:from="StrategyHumanCapitalTextBlock" xlink:to="label_StrategyHumanCapitalTextBlock_2" />
    <link:label xlink:type="resource" xlink:label="label_StrategyHumanCapitalTextBlock" xml:lang="en" xlink:role="http://www.xbrl.org/2003/role/verboseLabel" id="label_StrategyHumanCapitalTextBlock">Strategy, Human capital [text block]</link:label>
    <link:labelArc xlink:type="arc" xlink:arcrole="http://www.xbrl.org/2003/arcrole/concept-label" xlink:from="StrategyHumanCapitalTextBlock" xlink:to="label_StrategyHumanCapitalTextBlock" />
    <link:label xlink:type="resource" xlink:label="label_RiskManagementHumanCapitalTextBlock_2" xml:lang="en" xlink:role="http://www.xbrl.org/2003/role/label" id="label_RiskManagementHumanCapitalTextBlock_2">Risk management, Human capital</link:label>
    <link:labelArc xlink:type="arc" xlink:arcrole="http://www.xbrl.org/2003/arcrole/concept-label" xlink:from="RiskManagementHumanCapitalTextBlock" xlink:to="label_RiskManagementHumanCapitalTextBlock_2" />
    <link:label xlink:type="resource" xlink:label="label_RiskManagementHumanCapitalTextBlock" xml:lang="en" xlink:role="http://www.xbrl.org/2003/role/verboseLabel" id="label_RiskManagementHumanCapitalTextBlock">Risk management, Human capital [text block]</link:label>
    <link:labelArc xlink:type="arc" xlink:arcrole="http://www.xbrl.org/2003/arcrole/concept-label" xlink:from="RiskManagementHumanCapitalTextBlock" xlink:to="label_RiskManagementHumanCapitalTextBlock" />
    <link:label xlink:type="resource" xlink:label="label_ReferenceToOtherInformationRiskManagementHumanCapital_2" xml:lang="en" xlink:role="http://www.xbrl.org/2003/role/label" id="label_ReferenceToOtherInformationRiskManagementHumanCapital_2">Reference to other information</link:label>
    <link:labelArc xlink:type="arc" xlink:arcrole="http://www.xbrl.org/2003/arcrole/concept-label" xlink:from="ReferenceToOtherInformationRiskManagementHumanCapital" xlink:to="label_ReferenceToOtherInformationRiskManagementHumanCapital_2" />
    <link:label xlink:type="resource" xlink:label="label_ReferenceToOtherInformationRiskManagementHumanCapital" xml:lang="en" xlink:role="http://www.xbrl.org/2003/role/verboseLabel" id="label_ReferenceToOtherInformationRiskManagementHumanCapital">Reference to other information, Risk management, Human capital</link:label>
    <link:labelArc xlink:type="arc" xlink:arcrole="http://www.xbrl.org/2003/arcrole/concept-label" xlink:from="ReferenceToOtherInformationRiskManagementHumanCapital" xlink:to="label_ReferenceToOtherInformationRiskManagementHumanCapital" />
    <link:label xlink:type="resource" xlink:label="label_MetricsAndTargetsHumanCapitalTextBlock_2" xml:lang="en" xlink:role="http://www.xbrl.org/2003/role/label" id="label_MetricsAndTargetsHumanCapitalTextBlock_2">Metrics and targets, Human capital</link:label>
    <link:labelArc xlink:type="arc" xlink:arcrole="http://www.xbrl.org/2003/arcrole/concept-label" xlink:from="MetricsAndTargetsHumanCapitalTextBlock" xlink:to="label_MetricsAndTargetsHumanCapitalTextBlock_2" />
    <link:label xlink:type="resource" xlink:label="label_MetricsAndTargetsHumanCapitalTextBlock" xml:lang="en" xlink:role="http://www.xbrl.org/2003/role/verboseLabel" id="label_MetricsAndTargetsHumanCapitalTextBlock">Metrics and targets, Human capital [text block]</link:label>
    <link:labelArc xlink:type="arc" xlink:arcrole="http://www.xbrl.org/2003/arcrole/concept-label" xlink:from="MetricsAndTargetsHumanCapitalTextBlock" xlink:to="label_MetricsAndTargetsHumanCapitalTextBlock" />
    <link:label xlink:type="resource" xlink:label="label_ReferenceToOtherInformationMetricsAndTargetsHumanCapital_2" xml:lang="en" xlink:role="http://www.xbrl.org/2003/role/label" id="label_ReferenceToOtherInformationMetricsAndTargetsHumanCapital_2">Reference to other information</link:label>
    <link:labelArc xlink:type="arc" xlink:arcrole="http://www.xbrl.org/2003/arcrole/concept-label" xlink:from="ReferenceToOtherInformationMetricsAndTargetsHumanCapital" xlink:to="label_ReferenceToOtherInformationMetricsAndTargetsHumanCapital_2" />
    <link:label xlink:type="resource" xlink:label="label_ReferenceToOtherInformationMetricsAndTargetsHumanCapital" xml:lang="en" xlink:role="http://www.xbrl.org/2003/role/verboseLabel" id="label_ReferenceToOtherInformationMetricsAndTargetsHumanCapital">Reference to other information, Metrics and targets, Human capital</link:label>
    <link:labelArc xlink:type="arc" xlink:arcrole="http://www.xbrl.org/2003/arcrole/concept-label" xlink:from="ReferenceToOtherInformationMetricsAndTargetsHumanCapital" xlink:to="label_ReferenceToOtherInformationMetricsAndTargetsHumanCapital" />
    <link:label xlink:type="resource" xlink:label="label_ProvisionOfReservesIncludedInCostAndSellingGeneralAndAdministrativeExpensesTextBlock" xml:lang="en" xlink:role="http://www.xbrl.org/2003/role/label" id="label_ProvisionOfReservesIncludedInCostAndSellingGeneralAndAdministrativeExpensesTextBlock">Provision of reserves included in cost, and selling, general and administrative expenses</link:label>
    <link:labelArc xlink:type="arc" xlink:arcrole="http://www.xbrl.org/2003/arcrole/concept-label" xlink:from="ProvisionOfReservesIncludedInCostAndSellingGeneralAndAdministrativeExpensesTextBlock" xlink:to="label_ProvisionOfReservesIncludedInCostAndSellingGeneralAndAdministrativeExpensesTextBlock" />
    <link:label xlink:type="resource" xlink:label="label_ProvisionOfReservesIncludedInCostAndSellingGeneralAndAdministrativeExpensesTextBlock_2" xml:lang="en" xlink:role="http://www.xbrl.org/2003/role/verboseLabel" id="label_ProvisionOfReservesIncludedInCostAndSellingGeneralAndAdministrativeExpensesTextBlock_2">Provision of reserves included in cost, and selling, general and administrative expenses [text block]</link:label>
    <link:labelArc xlink:type="arc" xlink:arcrole="http://www.xbrl.org/2003/arcrole/concept-label" xlink:from="ProvisionOfReservesIncludedInCostAndSellingGeneralAndAdministrativeExpensesTextBlock" xlink:to="label_ProvisionOfReservesIncludedInCostAndSellingGeneralAndAdministrativeExpensesTextBlock_2" />
    <link:label xlink:type="resource" xlink:label="label_YamaguchiYoshihikoMember" xml:lang="en" xlink:role="http://www.xbrl.org/2003/role/verboseLabel" id="label_YamaguchiYoshihikoMember">Yamaguchi, Yoshihiko [member]</link:label>
    <link:labelArc xlink:type="arc" xlink:arcrole="http://www.xbrl.org/2003/arcrole/concept-label" xlink:from="YamaguchiYoshihikoMember" xlink:to="label_YamaguchiYoshihikoMember" />
    <link:label xlink:type="resource" xlink:label="label_YamaguchiYoshihikoMember_2" xml:lang="en" xlink:role="http://www.xbrl.org/2003/role/label" id="label_YamaguchiYoshihikoMember_2">Yamaguchi, Yoshihiko</link:label>
    <link:labelArc xlink:type="arc" xlink:arcrole="http://www.xbrl.org/2003/arcrole/concept-label" xlink:from="YamaguchiYoshihikoMember" xlink:to="label_YamaguchiYoshihikoMember_2" />
    <link:label xlink:type="resource" xlink:label="label_HorieShigeyukiMember" xml:lang="en" xlink:role="http://www.xbrl.org/2003/role/verboseLabel" id="label_HorieShigeyukiMember">Horie, Shigeyuki [member]</link:label>
    <link:labelArc xlink:type="arc" xlink:arcrole="http://www.xbrl.org/2003/arcrole/concept-label" xlink:from="HorieShigeyukiMember" xlink:to="label_HorieShigeyukiMember" />
    <link:label xlink:type="resource" xlink:label="label_HorieShigeyukiMember_2" xml:lang="en" xlink:role="http://www.xbrl.org/2003/role/label" id="label_HorieShigeyukiMember_2">Horie, Shigeyuki</link:label>
    <link:labelArc xlink:type="arc" xlink:arcrole="http://www.xbrl.org/2003/arcrole/concept-label" xlink:from="HorieShigeyukiMember" xlink:to="label_HorieShigeyukiMember_2" />
    <link:label xlink:type="resource" xlink:label="label_ShirakiTakeshiMember" xml:lang="en" xlink:role="http://www.xbrl.org/2003/role/verboseLabel" id="label_ShirakiTakeshiMember">Shiraki, Takeshi [member]</link:label>
    <link:labelArc xlink:type="arc" xlink:arcrole="http://www.xbrl.org/2003/arcrole/concept-label" xlink:from="ShirakiTakeshiMember" xlink:to="label_ShirakiTakeshiMember" />
    <link:label xlink:type="resource" xlink:label="label_ShirakiTakeshiMember_2" xml:lang="en" xlink:role="http://www.xbrl.org/2003/role/label" id="label_ShirakiTakeshiMember_2">Shiraki, Takeshi</link:label>
    <link:labelArc xlink:type="arc" xlink:arcrole="http://www.xbrl.org/2003/arcrole/concept-label" xlink:from="ShirakiTakeshiMember" xlink:to="label_ShirakiTakeshiMember_2" />
    <link:label xlink:type="resource" xlink:label="label_AokiKoichiMember" xml:lang="en" xlink:role="http://www.xbrl.org/2003/role/verboseLabel" id="label_AokiKoichiMember">Aoki, Koichi [member]</link:label>
    <link:labelArc xlink:type="arc" xlink:arcrole="http://www.xbrl.org/2003/arcrole/concept-label" xlink:from="AokiKoichiMember" xlink:to="label_AokiKoichiMember" />
    <link:label xlink:type="resource" xlink:label="label_AokiKoichiMember_2" xml:lang="en" xlink:role="http://www.xbrl.org/2003/role/label" id="label_AokiKoichiMember_2">Aoki, Koichi</link:label>
    <link:labelArc xlink:type="arc" xlink:arcrole="http://www.xbrl.org/2003/arcrole/concept-label" xlink:from="AokiKoichiMember" xlink:to="label_AokiKoichiMember_2" />
    <link:label xlink:type="resource" xlink:label="label_KasaiDaisukeMember" xml:lang="en" xlink:role="http://www.xbrl.org/2003/role/verboseLabel" id="label_KasaiDaisukeMember">Kasai, Daisuke [member]</link:label>
    <link:labelArc xlink:type="arc" xlink:arcrole="http://www.xbrl.org/2003/arcrole/concept-label" xlink:from="KasaiDaisukeMember" xlink:to="label_KasaiDaisukeMember" />
    <link:label xlink:type="resource" xlink:label="label_KasaiDaisukeMember_2" xml:lang="en" xlink:role="http://www.xbrl.org/2003/role/label" id="label_KasaiDaisukeMember_2">Kasai, Daisuke</link:label>
    <link:labelArc xlink:type="arc" xlink:arcrole="http://www.xbrl.org/2003/arcrole/concept-label" xlink:from="KasaiDaisukeMember" xlink:to="label_KasaiDaisukeMember_2" />
    <link:label xlink:type="resource" xlink:label="label_MuraseMitsuakiMember" xml:lang="en" xlink:role="http://www.xbrl.org/2003/role/verboseLabel" id="label_MuraseMitsuakiMember">Murase, Mitsuaki [member]</link:label>
    <link:labelArc xlink:type="arc" xlink:arcrole="http://www.xbrl.org/2003/arcrole/concept-label" xlink:from="MuraseMitsuakiMember" xlink:to="label_MuraseMitsuakiMember" />
    <link:label xlink:type="resource" xlink:label="label_MuraseMitsuakiMember_2" xml:lang="en" xlink:role="http://www.xbrl.org/2003/role/label" id="label_MuraseMitsuakiMember_2">Murase, Mitsuaki</link:label>
    <link:labelArc xlink:type="arc" xlink:arcrole="http://www.xbrl.org/2003/arcrole/concept-label" xlink:from="MuraseMitsuakiMember" xlink:to="label_MuraseMitsuakiMember_2" />
    <link:label xlink:type="resource" xlink:label="label_NakamuraGenjiroMember" xml:lang="en" xlink:role="http://www.xbrl.org/2003/role/verboseLabel" id="label_NakamuraGenjiroMember">Nakamura, Genjiro [member]</link:label>
    <link:labelArc xlink:type="arc" xlink:arcrole="http://www.xbrl.org/2003/arcrole/concept-label" xlink:from="NakamuraGenjiroMember" xlink:to="label_NakamuraGenjiroMember" />
    <link:label xlink:type="resource" xlink:label="label_NakamuraGenjiroMember_2" xml:lang="en" xlink:role="http://www.xbrl.org/2003/role/label" id="label_NakamuraGenjiroMember_2">Nakamura, Genjiro</link:label>
    <link:labelArc xlink:type="arc" xlink:arcrole="http://www.xbrl.org/2003/arcrole/concept-label" xlink:from="NakamuraGenjiroMember" xlink:to="label_NakamuraGenjiroMember_2" />
    <link:label xlink:type="resource" xlink:label="label_OkamotoMinoruMember" xml:lang="en" xlink:role="http://www.xbrl.org/2003/role/verboseLabel" id="label_OkamotoMinoruMember">Okamoto, Minoru [member]</link:label>
    <link:labelArc xlink:type="arc" xlink:arcrole="http://www.xbrl.org/2003/arcrole/concept-label" xlink:from="OkamotoMinoruMember" xlink:to="label_OkamotoMinoruMember" />
    <link:label xlink:type="resource" xlink:label="label_OkamotoMinoruMember_2" xml:lang="en" xlink:role="http://www.xbrl.org/2003/role/label" id="label_OkamotoMinoruMember_2">Okamoto, Minoru</link:label>
    <link:labelArc xlink:type="arc" xlink:arcrole="http://www.xbrl.org/2003/arcrole/concept-label" xlink:from="OkamotoMinoruMember" xlink:to="label_OkamotoMinoruMember_2" />
    <link:label xlink:type="resource" xlink:label="label_HayashiKazunariMember_2" xml:lang="en" xlink:role="http://www.xbrl.org/2003/role/label" id="label_HayashiKazunariMember_2">hayashi, kazunari</link:label>
    <link:labelArc xlink:type="arc" xlink:arcrole="http://www.xbrl.org/2003/arcrole/concept-label" xlink:from="HayashiKazunariMember" xlink:to="label_HayashiKazunariMember_2" />
    <link:label xlink:type="resource" xlink:label="label_HayashiKazunariMember" xml:lang="en" xlink:role="http://www.xbrl.org/2003/role/verboseLabel" id="label_HayashiKazunariMember">hayashi, kazunari [member]</link:label>
    <link:labelArc xlink:type="arc" xlink:arcrole="http://www.xbrl.org/2003/arcrole/concept-label" xlink:from="HayashiKazunariMember" xlink:to="label_HayashiKazunariMember" />
    <link:label xlink:type="resource" xlink:label="label_LogisticsRelatedBusinessReportableSegmentsMember" xml:lang="en" xlink:role="http://www.xbrl.org/2003/role/label" id="label_LogisticsRelatedBusinessReportableSegmentsMember">Logistics related business</link:label>
    <link:labelArc xlink:type="arc" xlink:arcrole="http://www.xbrl.org/2003/arcrole/concept-label" xlink:from="LogisticsRelatedBusinessReportableSegmentsMember" xlink:to="label_LogisticsRelatedBusinessReportableSegmentsMember" />
    <link:label xlink:type="resource" xlink:label="label_LogisticsRelatedBusinessReportableSegmentsMember_2" xml:lang="en" xlink:role="http://www.xbrl.org/2003/role/verboseLabel" id="label_LogisticsRelatedBusinessReportableSegmentsMember_2">Logistics related business, Reportable segments [member]</link:label>
    <link:labelArc xlink:type="arc" xlink:arcrole="http://www.xbrl.org/2003/arcrole/concept-label" xlink:from="LogisticsRelatedBusinessReportableSegmentsMember" xlink:to="label_LogisticsRelatedBusinessReportableSegmentsMember_2" />
    <link:label xlink:type="resource" xlink:label="label_RealEstateBusinessReportableSegmentsMember" xml:lang="en" xlink:role="http://www.xbrl.org/2003/role/label" id="label_RealEstateBusinessReportableSegmentsMember">Real estate business</link:label>
    <link:labelArc xlink:type="arc" xlink:arcrole="http://www.xbrl.org/2003/arcrole/concept-label" xlink:from="RealEstateBusinessReportableSegmentsMember" xlink:to="label_RealEstateBusinessReportableSegmentsMember" />
    <link:label xlink:type="resource" xlink:label="label_RealEstateBusinessReportableSegmentsMember_2" xml:lang="en" xlink:role="http://www.xbrl.org/2003/role/verboseLabel" id="label_RealEstateBusinessReportableSegmentsMember_2">Real estate business, Reportable segments [member]</link:label>
    <link:labelArc xlink:type="arc" xlink:arcrole="http://www.xbrl.org/2003/arcrole/concept-label" xlink:from="RealEstateBusinessReportableSegmentsMember" xlink:to="label_RealEstateBusinessReportableSegmentsMember_2" />
  </link:labelLink>
</link:linkbase>